[
  {
    "league": {
      "id": 129,
      "name": "Primera Nacional",
      "country": "Argentina",
      "year": 2025,
      "division": "second"
    },
    "teams": [
      {
        "team": {
          "id": 444,
          "name": "Patronato",
          "code": "PAT",
          "country": "Argentina",
          "founded": 1914,
          "national": false
        },
        "venue": {
          "id": 96,
          "name": "Estadio Presbítero Bartolomé Grella",
          "address": "Calle Ayacucho y Calle Churruarín",
          "city": "Paraná, Provincia de Entre Ríos",
          "capacity": 22000,
          "surface": "grass"
        }
      },
      {
        "team": {
          "id": 447,
          "name": "Chacarita Juniors",
          "code": "CHA",
          "country": "Argentina",
          "founded": 1906,
          "national": false
        },
        "venue": {
          "id": 54,
          "name": "Estadio de Chacarita Juniors",
          "address": "Calle Gutierrez 351, Villa Maipú",
          "city": "General San Martín, Provincia de Buenos Aires",
          "capacity": 24300,
          "surface": "grass"
        }
      },
      {
        "team": {
          "id": 448,
          "name": "Colon Santa Fe",
          "code": "COL",
          "country": "Argentina",
          "founded": 1905,
          "national": false
        },
        "venue": {
          "id": 57,
          "name": "Estadio Brigadier General Estanislao López",
          "address": "Calle Juan José Paso y Boulevard Doctor Zavalla",
          "city": "Ciudad de Santa Fe, Provincia de Santa Fe",
          "capacity": 40000,
          "surface": "grass"
        }
      },
      {
        "team": {
          "id": 454,
          "name": "Temperley",
          "code": "TEM",
          "country": "Argentina",
          "founded": 1912,
          "national": false
        },
        "venue": {
          "id": 111,
          "name": "Estadio Alfredo Martín Beranger",
          "address": "Avenida 9 de Julio 360 (entre Coronel Dorrego y Coronel Brandsen)",
          "city": "Temperley, Provincia de Buenos Aires",
          "capacity": 19500,
          "surface": "grass"
        }
      },
      {
        "team": {
          "id": 459,
          "name": "Arsenal Sarandi",
          "code": "ARS",
          "country": "Argentina",
          "founded": 1957,
          "national": false
        },
        "venue": {
          "id": 38,
          "name": "Estadio Julio Humberto Grondona",
          "address": "Avenida Juan Díaz de Solís 3660, Sarandí",
          "city": "Avellaneda, Provincia de Buenos Aires",
          "capacity": 18300,
          "surface": "grass"
        }
      },
      {
        "team": {
          "id": 462,
          "name": "Agropecuario",
          "code": null,
          "country": "Argentina",
          "founded": null,
          "national": false
        },
        "venue": {
          "id": 1770,
          "name": "Estadio Ofelia Rosenzuaig",
          "address": "Calle Carlos Arroyo",
          "city": "Carlos Casares, Provincia de Buenos Aires",
          "capacity": 5000,
          "surface": "grass"
        }
      },
      {
        "team": {
          "id": 464,
          "name": "All Boys",
          "code": "BOY",
          "country": "Argentina",
          "founded": 1913,
          "national": false
        },
        "venue": {
          "id": 34,
          "name": "Estadio Islas Malvinas",
          "address": "Avenida Álvarez Jonte 4190 y Chivilcoy, Floresta",
          "city": "Capital Federal, Ciudad de Buenos Aires",
          "capacity": 16500,
          "surface": "grass"
        }
      },
      {
        "team": {
          "id": 466,
          "name": "Atletico Mitre",
          "code": null,
          "country": "Argentina",
          "founded": 1907,
          "national": false
        },
        "venue": {
          "id": 1735,
          "name": "Estadio Aurinegro",
          "address": "Avenida Roca Sur y Calle Tres de Febrero",
          "city": "Santiago del Estero, Prov. de Santiago del Estero",
          "capacity": 10500,
          "surface": "grass"
        }
      },
      {
        "team": {
          "id": 469,
          "name": "Deportivo Moron",
          "code": "DEP",
          "country": "Argentina",
          "founded": 1947,
          "national": false
        },
        "venue": {
          "id": 65,
          "name": "Estadio Nuevo Francisco Urbano",
          "address": "Avenida Hipólito Yrigoyen 1600",
          "city": "Morón, Provincia de Buenos Aires",
          "capacity": 32000,
          "surface": "grass"
        }
      },
      {
        "team": {
          "id": 470,
          "name": "Ferro Carril Oeste",
          "code": "FER",
          "country": "Argentina",
          "founded": 1904,
          "national": false
        },
        "venue": {
          "id": 73,
          "name": "Estadio Arquitecto Ricardo Etcheverry",
          "address": "Avenida Avellaneda 1240, Caballito",
          "city": "Capital Federal, Ciudad de Buenos Aires",
          "capacity": 24442,
          "surface": "grass"
        }
      },
      {
        "team": {
          "id": 479,
          "name": "Gimnasia Jujuy",
          "code": "GIM",
          "country": "Argentina",
          "founded": 1931,
          "national": false
        },
        "venue": {
          "id": 76,
          "name": "Estadio 23 de Agosto",
          "address": "Avenida El Éxodo y Santa Barbara",
          "city": "San Salvador de Jujuy, Provincia de Jujuy",
          "capacity": 23200,
          "surface": "grass"
        }
      },
      {
        "team": {
          "id": 480,
          "name": "Quilmes",
          "code": "QUI",
          "country": "Argentina",
          "founded": 1887,
          "national": false
        },
        "venue": {
          "id": 20215,
          "name": "Estadio Centenario Ciudad de Quilmes",
          "address": "Avenida Vicente López y Esquiú, Barrio Libertador General San Martín",
          "city": "Quilmes, Provincia de Buenos Aires",
          "capacity": 30200,
          "surface": "grass"
        }
      },
      {
        "team": {
          "id": 482,
          "name": "Almagro",
          "code": "ALM",
          "country": "Argentina",
          "founded": 1911,
          "national": false
        },
        "venue": {
          "id": 35,
          "name": "Estadio Tres de Febrero",
          "address": "Avenida Marcelo Torcuato de Alvear 2223, José Ingenieros",
          "city": "Tres de Febrero, Provincia de Buenos Aires",
          "capacity": 19000,
          "surface": "grass"
        }
      },
      {
        "team": {
          "id": 483,
          "name": "Los Andes",
          "code": "AND",
          "country": "Argentina",
          "founded": 1917,
          "national": false
        },
        "venue": {
          "id": 90,
          "name": "Estadio Eduardo Gallardón",
          "address": "Bouelvard Santa Fé 159",
          "city": "Lomas de Zamora, Provincia de Buenos Aires",
          "capacity": 33532,
          "surface": "grass"
        }
      },
      {
        "team": {
          "id": 484,
          "name": "Nueva Chicago",
          "code": "NUE",
          "country": "Argentina",
          "founded": 1911,
          "national": false
        },
        "venue": {
          "id": 94,
          "name": "Estadio República de Mataderos",
          "address": "Avenida Justo Antonio Suárez 6900 y Avenida Coronel Cárdenas, Mataderos",
          "city": "Capital Federal, Ciudad de Buenos Aires",
          "capacity": 28500,
          "surface": "grass"
        }
      },
      {
        "team": {
          "id": 485,
          "name": "San Martin Tucuman",
          "code": "MAR",
          "country": "Argentina",
          "founded": 1909,
          "national": false
        },
        "venue": {
          "id": 105,
          "name": "Estadio La Ciudadela",
          "address": "Calle Beccer y Avenida Pellegrini",
          "city": "San Miguel de Tucumán, Provincia de Tucumán",
          "capacity": 27000,
          "surface": "grass"
        }
      },
      {
        "team": {
          "id": 1066,
          "name": "Gimnasia M.",
          "code": null,
          "country": "Argentina",
          "founded": 1908,
          "national": false
        },
        "venue": {
          "id": 78,
          "name": "Estadio Víctor Antonio Legrotaglie",
          "address": "Calle Lencinas, Parque General San Martín",
          "city": "Mendoza, Provincia de Mendoza",
          "capacity": 11500,
          "surface": "grass"
        }
      },
      {
        "team": {
          "id": 1067,
          "name": "Defensores De Belgrano",
          "code": "DEF",
          "country": "Argentina",
          "founded": 1906,
          "national": false
        },
        "venue": {
          "id": 60,
          "name": "Estadio Juan Pasquale",
          "address": "Avenida Comodoro Martín Rivadavia 1450 y Avenida del Libertador, Nuñez",
          "city": "Capital Federal, Ciudad de Buenos Aires",
          "capacity": 8300,
          "surface": "grass"
        }
      },
      {
        "team": {
          "id": 1927,
          "name": "Talleres Remedios",
          "code": "TAL",
          "country": "Argentina",
          "founded": 1906,
          "national": false
        },
        "venue": {
          "id": 19376,
          "name": "Estadio Pablo Comelli",
          "address": "Avenida Coronel Timote 3401 y Manuel Castro",
          "city": "Remedios Escalada, Provincia de Buenos Aires",
          "capacity": 16000,
          "surface": "grass"
        }
      },
      {
        "team": {
          "id": 1928,
          "name": "Gimnasia Y Tiro",
          "code": "GIM",
          "country": "Argentina",
          "founded": 1902,
          "national": false
        },
        "venue": {
          "id": 79,
          "name": "Estadio El Gigante del Norte",
          "address": "Calle Leguizamón y Vicente López",
          "city": "Salta, Provincia de Salta",
          "capacity": 24300,
          "surface": "grass"
        }
      },
      {
        "team": {
          "id": 1929,
          "name": "Deportivo Madryn",
          "code": null,
          "country": "Argentina",
          "founded": 1924,
          "national": false
        },
        "venue": {
          "id": 63,
          "name": "Estadio Abel Sastre",
          "address": "Avenida Juan 23 Norte / Avenida Kenneth Woodley",
          "city": "Puerto Madryn, Provincia de Chubut",
          "capacity": 6000,
          "surface": "grass"
        }
      },
      {
        "team": {
          "id": 1932,
          "name": "San Telmo",
          "code": "TEL",
          "country": "Argentina",
          "founded": 1904,
          "national": false
        },
        "venue": {
          "id": 5957,
          "name": "Estadio Dr. Osvaldo Francisco Baletto",
          "address": "Calle Virrey Vieytes y General Las Heras, Isla Maciel",
          "city": "Avellaneda, Provincia de Buenos Aires",
          "capacity": 7500,
          "surface": "grass"
        }
      },
      {
        "team": {
          "id": 1936,
          "name": "CA Estudiantes",
          "code": "EST",
          "country": "Argentina",
          "founded": 1898,
          "national": false
        },
        "venue": {
          "id": 71,
          "name": "Estadio Ciudad de Caseros",
          "address": "Avenida General Justo José de Urquiza y Lisandro de la Torre",
          "city": "Caseros, Provincia de Buenos Aires",
          "capacity": 16740,
          "surface": "grass"
        }
      },
      {
        "team": {
          "id": 1945,
          "name": "Defensores Unidos",
          "code": "UNI",
          "country": "Argentina",
          "founded": 1914,
          "national": false
        },
        "venue": {
          "id": 61,
          "name": "Estadio Gigante de Villa Fox",
          "address": "Avenida Justa Lima de Atucha y Sáenz Peña / Bernardo de Yrigoyen, Villa Fox",
          "city": "Zárate, Provincia de Buenos Aires",
          "capacity": 6000,
          "surface": "grass"
        }
      },
      {
        "team": {
          "id": 1946,
          "name": "Chaco For Ever",
          "code": "CHA",
          "country": "Argentina",
          "founded": 1913,
          "national": false
        },
        "venue": {
          "id": 55,
          "name": "Estadio Juan Alberto García",
          "address": "Avenida 9 de Julio 2222",
          "city": "Resistencia, Provincia del Chaco",
          "capacity": 30500,
          "surface": "grass"
        }
      },
      {
        "team": {
          "id": 1948,
          "name": "Atlanta",
          "code": "ATL",
          "country": "Argentina",
          "founded": 1904,
          "national": false
        },
        "venue": {
          "id": 39,
          "name": "Estadio Don León Kolbovski",
          "address": "Calle Humbolt 374, Villa Crespo",
          "city": "Capital Federal, Ciudad de Buenos Aires",
          "capacity": 24500,
          "surface": "grass"
        }
      },
      {
        "team": {
          "id": 1951,
          "name": "Central Norte",
          "code": "CEN",
          "country": "Argentina",
          "founded": 1921,
          "national": false
        },
        "venue": {
          "id": 18531,
          "name": "Estadio Dr. Luis Güemes",
          "address": "Avenida Entre Ríos 1495",
          "city": "Salta, Provincia de Salta",
          "capacity": 10000,
          "surface": "grass"
        }
      },
      {
        "team": {
          "id": 1954,
          "name": "Deportivo Maipu",
          "code": "DEP",
          "country": "Argentina",
          "founded": 1927,
          "national": false
        },
        "venue": {
          "id": 64,
          "name": "Estadio Omar Higinio Sperdutti",
          "address": "Vergara e Infanteria de San Martin",
          "city": "Maipú, Provincia de Mendoza",
          "capacity": 9000,
          "surface": "grass"
        }
      },
      {
        "team": {
          "id": 1957,
          "name": "Racing Cordoba",
          "code": "RAC",
          "country": "Argentina",
          "founded": 1924,
          "national": false
        },
        "venue": {
          "id": 100,
          "name": "Estadio Miguel Sancho",
          "address": "Avenida Jose Quevedo y Calabalumba, Barrio Nueva Itali",
          "city": "Ciudad de Córdoba, Provincia de Córdoba",
          "capacity": 22000,
          "surface": "grass"
        }
      },
      {
        "team": {
          "id": 1962,
          "name": "Alvarado",
          "code": "ALV",
          "country": "Argentina",
          "founded": null,
          "national": false
        },
        "venue": {
          "id": 33,
          "name": "Estadio José María Minella",
          "address": "Avenida de las Olimpiadas y Ortíz de Zárate",
          "city": "Mar del Plata, Provincia de Buenos Aires",
          "capacity": 35354,
          "surface": "grass"
        }
      },
      {
        "team": {
          "id": 1965,
          "name": "Tristan Suarez",
          "code": "TRI",
          "country": "Argentina",
          "founded": 1929,
          "national": false
        },
        "venue": {
          "id": 113,
          "name": "Estadio 20 de Octubre",
          "address": "Calle Mariano Moreno y Calle Antonio Fariña, Tristán Suaréz",
          "city": "Ezeiza, Provincia de Buenos Aires",
          "capacity": 13500,
          "surface": "grass"
        }
      },
      {
        "team": {
          "id": 2424,
          "name": "Estudiantes de Rio Cuarto",
          "code": null,
          "country": "Argentina",
          "founded": 1912,
          "national": false
        },
        "venue": {
          "id": 72,
          "name": "Estadio Ciudad de Río Cuarto",
          "address": "Avenida España 251",
          "city": "Ciudad de Río Cuarto, Provincia de Córdoba",
          "capacity": 9000,
          "surface": "grass"
        }
      },
      {
        "team": {
          "id": 3969,
          "name": "Club Atlético Güemes",
          "code": null,
          "country": "Argentina",
          "founded": null,
          "national": false
        },
        "venue": {
          "id": 3024,
          "name": "Estadio Arturo Jiya Miranda",
          "address": "Avenida Rivadavia",
          "city": "Santiago del Estero, Prov. de Santiago del Estero",
          "capacity": 2000,
          "surface": "grass"
        }
      },
      {
        "team": {
          "id": 8375,
          "name": "Almirante Brown",
          "code": "ALM",
          "country": "Argentina",
          "founded": 1922,
          "national": false
        },
        "venue": {
          "id": 5959,
          "name": "Estadio Fragata Presidente Sarmiento",
          "address": "Calle José Ignacio Rucci y Calle José Mármol, Isidro Casanova",
          "city": "La Matanza, Provincia de Buenos Aires",
          "capacity": 19000,
          "surface": "grass"
        }
      },
      {
        "team": {
          "id": 8377,
          "name": "Colegiales",
          "code": "COL",
          "country": "Argentina",
          "founded": 1908,
          "national": false
        },
        "venue": {
          "id": 5961,
          "name": "Estadio de Colegiales",
          "address": "Calle Antonio Malaver 4706 y Gervasio de Posadas, Munro",
          "city": "Vicente López, Provincia de Buenos Aires",
          "capacity": 6000,
          "surface": "grass"
        }
      },
      {
        "team": {
          "id": 8379,
          "name": "San Miguel",
          "code": "MIG",
          "country": "Argentina",
          "founded": 1922,
          "national": false
        },
        "venue": {
          "id": 5963,
          "name": "Estadio Malvinas Argentinas",
          "address": "José León Suárez 2828, San Miguel",
          "city": "Los Polvorines, Provincia de Buenos Aires",
          "capacity": 6800,
          "surface": "grass"
        }
      }
    ]
  }
]
